id;task_id;title;description;status;created_at
1;31185;croon equate ack;seriously;DONE;2026-06-29T11:07:40
2;13655;fiercely guard which;ugh on than;TODO;2026-06-29T03:14:23
3;25027;oxidize disbar happily;stranger useless;TODO;2026-06-28T13:17:42
4;22586;uselessly birdbath;stratify vicinity;DONE;2026-06-28T21:31:11
5;19034;common per obesity;soup;DONE;2026-06-29T02:04:44
6;31976;schedule deprave;incidentally supportive certification;INPROGRESS;2026-06-29T05:06:10
7;26097;passionate;ultimately bore;INPROGRESS;2026-06-29T00:40:11
8;5394;till;boo careless;INPROGRESS;2026-06-29T04:18:29
9;32427;snarling since as;tattered;TODO;2026-06-28T16:39:50
10;22395;definitive;slow below;TODO;2026-06-28T19:42:39
11;20662;likewise;where athwart rectangular;INPROGRESS;2026-06-29T03:06:37
12;18155;decriminalize;fathom;DONE;2026-06-28T13:35:56
13;25722;strong indeed atop;miskey flawless foretell;TODO;2026-06-28T18:55:05
14;5776;geez burly;junior;INPROGRESS;2026-06-29T01:24:07
15;23193;represent;geez which athwart;TODO;2026-06-28T21:53:24
16;25717;blah ack tragic;overcoat quintessential ack;INPROGRESS;2026-06-28T23:13:12
17;30312;silently appliance lasting;oof orientate;TODO;2026-06-28T12:01:12
18;11970;while;what geez sore;TODO;2026-06-28T22:00:38
19;22669;duh plus;reorganisation whenever venom;DONE;2026-06-28T16:58:18
20;27532;yum;pish supposing;INPROGRESS;2026-06-28T20:06:19
21;963;speedy never;belabor for;DONE;2026-06-28T18:01:33
22;16574;plagiarise;above gee loyalty;DONE;2026-06-29T00:13:59
23;24028;ack;modulo pro moralise;TODO;2026-06-29T06:15:01
24;7382;eminent;how;TODO;2026-06-29T08:02:01
25;10401;contrast;jealously;INPROGRESS;2026-06-28T16:00:23
26;2701;likewise;fail;TODO;2026-06-28T18:53:30
27;5141;sailor option;oblong dicker;TODO;2026-06-28T20:45:32
28;14912;question;like;INPROGRESS;2026-06-28T22:33:38
29;32290;phooey ouch for;once;TODO;2026-06-28T19:54:17
30;165;only;rust qua unsteady;TODO;2026-06-28T20:41:54
